Name,Country
Anders Albertson,UNITED STATES
Byeong Hun An,REPUBLIC OF KOREA
Mason Andersen,UNITED STATES
Aaron Baddeley,AUSTRALIA
Daniel Berger,UNITED STATES
Christiaan Bezuidenhout,SOUTH AFRICA
Akshay Bhatia,UNITED STATES
Zac Blair,UNITED STATES
Keegan Bradley,UNITED STATES
Joseph Bramlett,UNITED STATES
Ryan Brehm,UNITED STATES
Jacob Bridgeman,UNITED STATES
Wesley Bryan,UNITED STATES
Hayden Buckley,UNITED STATES
Bronson Burgoon,UNITED STATES
Sam Burns,UNITED STATES
Brian Campbell,UNITED STATES
Rafael Campos,PUERTO RICO
Patrick Cantlay,UNITED STATES
Frankie Capan III,UNITED STATES
Ricky Castillo,UNITED STATES
Bud Cauley,UNITED STATES
Cameron Champ,UNITED STATES
Will Chandler,UNITED STATES
Kevin Chappell,UNITED STATES
Stewart Cink,UNITED STATES
Luke Clanton,UNITED STATES
Wyndham Clark,UNITED STATES
Eric Cole,UNITED STATES
Trevor Cone,UNITED STATES
Corey Conners,CANADA
Parker Coody,UNITED STATES
Pierceson Coody,UNITED STATES
Austin Cook,UNITED STATES
Vince Covello,UNITED STATES
Trace Crowe,UNITED STATES
Quade Cummins,UNITED STATES
Joel Dahmen,UNITED STATES
Cam Davis,AUSTRALIA
Jason Day,AUSTRALIA
Cristobal Del Solar,CHILE
Thomas Detry,BELGIUM
Taylor Dickson,UNITED STATES
Adrien Dumont de Chassart,BELGIUM
Tyler Duncan,UNITED STATES
Nick Dunlap,UNITED STATES
Nico Echavarria,COLOMBIA
Austin Eckroat,UNITED STATES
Harrison Endycott,AUSTRALIA
Harris English,UNITED STATES
Tony Finau,UNITED STATES
Patrick Fishburn,UNITED STATES
Steven Fisk,UNITED STATES
Matt Fitzpatrick,ENGLAND
Tommy Fleetwood,ENGLAND
David Ford,UNITED STATES
Rickie Fowler,UNITED STATES
Ryan Fox,NEW ZEALAND
Brice Garnett,UNITED STATES
Brian Gay,UNITED STATES
Ryan Gerard,UNITED STATES
Doug Ghim,UNITED STATES
Lucas Glover,UNITED STATES
Noah Goodwin,UNITED STATES
Will Gordon,UNITED STATES
Chris Gotterup,UNITED STATES
Max Greyserman,UNITED STATES
Ben Griffin,UNITED STATES
Lanto Griffin,UNITED STATES
Emiliano Grillo,ARGENTINA
Bill Haas,UNITED STATES
Chesson Hadley,UNITED STATES
Adam Hadwin,CANADA
James Hahn,UNITED STATES
Harry Hall,ENGLAND
Nick Hardy,UNITED STATES
Brian Harman,UNITED STATES
Russell Henley,UNITED STATES
Kramer Hickok,UNITED STATES
Garrick Higgo,SOUTH AFRICA
Harry Higgs,UNITED STATES
Joe Highsmith,UNITED STATES
Ryo Hisatsune,JAPAN
Lee Hodges,UNITED STATES
Rico Hoey,PHILIPPINES
Charley Hoffman,UNITED STATES
Tom Hoge,UNITED STATES
Max Homa,UNITED STATES
Billy Horschel,UNITED STATES
Rikuya Hoshino,JAPAN
Beau Hossler,UNITED STATES
Viktor Hovland,NORWAY
Mark Hubbard,UNITED STATES
Mackenzie Hughes,CANADA
John Huh,UNITED STATES
Sungjae Im,REPUBLIC OF KOREA
Stephan Jaeger,GERMANY
Zach Johnson,UNITED STATES
Takumi Kanaya,JAPAN
Chan Kim,UNITED STATES
Michael Kim,UNITED STATES
Si Woo Kim,REPUBLIC OF KOREA
Tom Kim,REPUBLIC OF KOREA
Chris Kirk,UNITED STATES
Kevin Kisner,UNITED STATES
Kurt Kitayama,UNITED STATES
Patton Kizzire,UNITED STATES
Jake Knapp,UNITED STATES
Philip Knowles,UNITED STATES
Russell Knox,SCOTLAND
Ben Kohles,UNITED STATES
Matt Kuchar,UNITED STATES
Martin Laird,SCOTLAND
Nate Lashley,UNITED STATES
Thriston Lawrence,SOUTH AFRICA
Min Woo Lee,AUSTRALIA
Nicholas Lindheim,UNITED STATES
David Lingmerth,SWEDEN
David Lipsky,UNITED STATES
Luke List,UNITED STATES
Adam Long,UNITED STATES
Justin Lower,UNITED STATES
Shane Lowry,IRELAND
Robert MacIntyre,SCOTLAND
Peter Malnati,UNITED STATES
Matteo Manassero,ITALY
Ben Martin,UNITED STATES
Hideki Matsuyama,JAPAN
Brandon Matthews,UNITED STATES
Denny McCarthy,UNITED STATES
Matt McCarty,UNITED STATES
Tyler McCumber,UNITED STATES
Max McGreevy,UNITED STATES
Rory McIlroy,NORTHERN IRELAND
Maverick McNealy,UNITED STATES
Mac Meissner,UNITED STATES
Troy Merritt,UNITED STATES
Keith Mitchell,UNITED STATES
Francesco Molinari,ITALY
Taylor Montgomery,UNITED STATES
Ryan Moore,UNITED STATES
Taylor Moore,UNITED STATES
Collin Morikawa,UNITED STATES
William Mouw,UNITED STATES
Trey Mullinax,UNITED STATES
Matt NeSmith,UNITED STATES
Alex Noren,SWEDEN
Niklas Norgaard,DENMARK
Henrik Norlander,SWEDEN
Vincent Norrman,SWEDEN
Andrew Novak,UNITED STATES
Sean O'Hair,UNITED STATES
Kaito Onishi,JAPAN
John Pak,UNITED STATES
Ryan Palmer,UNITED STATES
Rod Pampling,AUSTRALIA
Jeremy Paul,GERMANY
Matthieu Pavon,FRANCE
Taylor Pendrith,CANADA
Victor Perez,FRANCE
Paul Peterson,UNITED STATES
Chandler Phillips,UNITED STATES
Scott Piercy,UNITED STATES
Aldrich Potgieter,SOUTH AFRICA
Seamus Power,IRELAND
Andrew Putnam,UNITED STATES
Aaron Rai,ENGLAND
Chad Ramey,UNITED STATES
Chez Reavie,UNITED STATES
Matthew Riedel,UNITED STATES
Davis Riley,UNITED STATES
Patrick Rodgers,UNITED STATES
Justin Rose,ENGLAND
Thomas Rosenmueller,GERMANY
Kevin Roy,UNITED STATES
Antoine Rozner,FRANCE
Sam Ryder,UNITED STATES
Isaiah Salinda,UNITED STATES
Gordon Sargent,UNITED STATES
Xander Schauffele,UNITED STATES
Scottie Scheffler,UNITED STATES
Adam Schenk,UNITED STATES
Matti Schmid,GERMANY
Adam Scott,AUSTRALIA
Robby Shelton,UNITED STATES
Greyson Sigg,UNITED STATES
Ben Silverman,CANADA
Webb Simpson,UNITED STATES
Vijay Singh,FIJI
David Skinns,ENGLAND
Alex Smalley,UNITED STATES
Brandt Snedeker,UNITED STATES
Jordan Spieth,UNITED STATES
Hayden Springer,UNITED STATES
Scott Stallings,UNITED STATES
Jimmy Stanger,UNITED STATES
Kyle Stanley,UNITED STATES
Sam Stevens,UNITED STATES
Sepp Straka,AUSTRIA
Kevin Streelman,UNITED STATES
Jackson Suber,UNITED STATES
Adam Svensson,CANADA
Jesper Svensson,SWEDEN
Nick Taylor,CANADA
Sahith Theegala,UNITED STATES
Justin Thomas,UNITED STATES
Davis Thompson,UNITED STATES
Michael Thompson,UNITED STATES
Michael Thorbjornsen,UNITED STATES
Braden Thornberry,UNITED STATES
Brendon Todd,UNITED STATES
Alejandro Tosti,ARGENTINA
Martin Trainer,FRANCE
Kevin Tway,UNITED STATES
Sami Valimaki,FINLAND
Erik van Rooyen,SOUTH AFRICA
Jhonattan Vegas,VENEZUELA
Kevin Velo,UNITED STATES
Kris Ventura,NORWAY
Karl Vilips,AUSTRALIA
Camilo Villegas,COLOMBIA
Danny Walker,UNITED STATES
Jimmy Walker,UNITED STATES
Matt Wallace,ENGLAND
Paul Waring,ENGLAND
Nick Watney,UNITED STATES
Vince Whaley,UNITED STATES
Tim Widing,SWEDEN
Danny Willett,ENGLAND
Aaron Wise,UNITED STATES
Gary Woodland,UNITED STATES
Tiger Woods,UNITED STATES
Brandon Wu,UNITED STATES
Dylan Wu,UNITED STATES
Norman Xiong,UNITED STATES
Cameron Young,UNITED STATES
Carson Young,UNITED STATES
Kevin Yu,CHINESE TAIPEI
Will Zalatoris,UNITED STATES
